Unnamed: 0.1,Unnamed: 0,iauname,ra,dec,redshift,elpetro_absmag_r,sersic_nmgy_r,petro_th50,petro_th90,petro_theta,upload_group,active_learning_on,in_gzd_c,data_release,smooth-or-featured_total-votes,smooth-or-featured_smooth,smooth-or-featured_smooth_fraction,smooth-or-featured_smooth_debiased,smooth-or-featured_featured-or-disk,smooth-or-featured_featured-or-disk_fraction,smooth-or-featured_featured-or-disk_debiased,smooth-or-featured_artifact,smooth-or-featured_artifact_fraction,smooth-or-featured_artifact_debiased,how-rounded_total-votes,how-rounded_completely,how-rounded_completely_fraction,how-rounded_completely_debiased,how-rounded_in-between,how-rounded_in-between_fraction,how-rounded_in-between_debiased,how-rounded_cigar-shaped,how-rounded_cigar-shaped_fraction,how-rounded_cigar-shaped_debiased,disk-edge-on_total-votes,disk-edge-on_yes,disk-edge-on_yes_fraction,disk-edge-on_yes_debiased,disk-edge-on_no,disk-edge-on_no_fraction,disk-edge-on_no_debiased,edge-on-bulge_total-votes,edge-on-bulge_rounded,edge-on-bulge_rounded_fraction,edge-on-bulge_rounded_debiased,edge-on-bulge_boxy,edge-on-bulge_boxy_fraction,edge-on-bulge_boxy_debiased,edge-on-bulge_none,edge-on-bulge_none_fraction,edge-on-bulge_none_debiased,bar_total-votes,bar_yes,bar_yes_fraction,bar_yes_debiased,bar_no,bar_no_fraction,bar_no_debiased,has-spiral-arms_total-votes,has-spiral-arms_yes,has-spiral-arms_yes_fraction,has-spiral-arms_yes_debiased,has-spiral-arms_no,has-spiral-arms_no_fraction,has-spiral-arms_no_debiased,spiral-winding_total-votes,spiral-winding_tight,spiral-winding_tight_fraction,spiral-winding_tight_debiased,spiral-winding_medium,spiral-winding_medium_fraction,spiral-winding_medium_debiased,spiral-winding_loose,spiral-winding_loose_fraction,spiral-winding_loose_debiased,spiral-arm-count_total-votes,spiral-arm-count_1,spiral-arm-count_1_fraction,spiral-arm-count_1_debiased,spiral-arm-count_2,spiral-arm-count_2_fraction,spiral-arm-count_2_debiased,spiral-arm-count_3,spiral-arm-count_3_fraction,spiral-arm-count_3_debiased,spiral-arm-count_4,spiral-arm-count_4_fraction,spiral-arm-count_4_debiased,spiral-arm-count_more-than-4,spiral-arm-count_more-than-4_fraction,spiral-arm-count_more-than-4_debiased,bulge-size_total-votes,bulge-size_none,bulge-size_none_fraction,bulge-size_none_debiased,bulge-size_obvious,bulge-size_obvious_fraction,bulge-size_obvious_debiased,bulge-size_dominant,bulge-size_dominant_fraction,bulge-size_dominant_debiased,merging_total-votes,merging_merger,merging_merger_fraction,merging_merger_debiased,merging_tidal-debris,merging_tidal-debris_fraction,merging_tidal-debris_debiased,merging_both,merging_both_fraction,merging_both_debiased,merging_neither,merging_neither_fraction,merging_neither_debiased,wrong_size_statistic,wrong_size_warning,label,petroRad_r_psf,filename,filepath,pred_label,p0,p1
1593,1700,J212/J212919.72-000701.9.png,322.33219744052167,-0.1172052198165258,0.13528773,-20.49412,69.27588,1.6174072,4.839483,3.1796188,pre_active,False,False,DR1,50,4,0.08,0.0004524155591538,44,0.88,0.9736842105263158,2,0.04,0.0398032578965617,4,1,0.25,0.4,2,0.5,0.5,1,0.25,0.4838709677419355,44,9,0.2045454545454545,0.1020408163265306,35,0.7954545454545454,0.8965517241379308,9,4,0.4444444444444444,0.4545454545454545,2,0.2222222222222222,0.2352941176470588,3,0.3333333333333333,0.3333333333333333,35,9,0.2571428571428571,0.5333333333333333,26,0.7428571428571429,0.4347826086956521,35,35,1.0,1.0,0,0.0,0.0,35,2,0.0571428571428571,0.3303674116356936,9,0.2571428571428571,0.2206254279360411,24,0.6857142857142857,0.2479428211003473,35,1,0.0285714285714285,0.0,34,0.9714285714285714,0.7266039731930275,0,0.0,0.0,0,0.0,0.0,0,0.0,0.0,35,2,0.0571428571428571,0.0130293506750572,26,0.7428571428571429,0.7826086956521741,7,0.2,0.1304347826086956,48,1,0.0208333333333333,0.0256940938545425,5,0.1041666666666666,0.1904761904761904,5,0.1041666666666666,0.1842105263157894,37,0.7708333333333334,0.6666666666666666,157.94412379326718,False,0,0.0162610631176643,J212919.72-000701.9.png,/Users/apple/Desktop/Galaxy_research/image/J212/J212919.72-000701.9.png,1,0.44528386,0.5547161
465,497,J221/J221431.51+004833.5.png,333.63128924973967,0.809339729768581,0.04314928,-17.99634,79.21969,2.8180869,6.9177375,5.870458,pre_active,False,False,DR1,49,41,0.8367346938775511,0.6437000304044438,4,0.0816326530612244,0.1,4,0.0816326530612244,0.0929282347415647,41,36,0.8780487804878049,0.8529411764705882,5,0.1219512195121951,0.0625,0,0.0,0.0,4,1,0.25,0.1956521739130435,3,0.75,0.84,1,1,1.0,1.0,0,0.0,0.0,0,0.0,0.0,3,0,0.0,0.0,3,1.0,1.0,3,1,0.3333333333333333,0.6635545430531229,2,0.6666666666666666,0.3342162703327432,1,1,1.0,1.0,0,0.0,0.0,0,0.0,0.0,1,0,0.0,0.0,0,0.0,0.0,0,0.0,0.0,0,0.0,0.0,1,1.0,1.0,3,1,0.3333333333333333,0.2529496382757188,2,0.6666666666666666,0.7727272727272727,0,0.0,0.0,45,15,0.3333333333333333,0.3222963652110968,9,0.2,0.2857142857142857,0,0.0,0.0,21,0.4666666666666667,0.35,152.5543155293187,False,1,0.0232985781360372,J221431.51+004833.5.png,/Users/apple/Desktop/Galaxy_research/image/J221/J221431.51+004833.5.png,1,0.43446714,0.5655329
1615,1725,J145/J145956.33+120022.8.png,224.98471700003023,12.006372973242287,0.122922525,-20.84356,168.35626,3.0297499,8.310813,5.648035,pre_active,False,False,DR2,37,30,0.8108108108108109,0.4322007721546199,5,0.1351351351351351,0.5454545454545454,2,0.054054054054054,0.0585321442579114,30,6,0.2,0.3571428571428571,24,0.8,0.4642857142857143,0,0.0,0.0,5,0,0.0,0.0,5,1.0,1.0,0,0,0.0,0.0,0,0.0,0.0,0,0.0,0.0,5,0,0.0,0.0,5,1.0,1.0,5,1,0.2,0.7609608941294908,4,0.8,0.3658219979519864,1,1,1.0,1.0,0,0.0,0.0,0,0.0,0.0,1,0,0.0,0.0,0,0.0,0.0,1,1.0,1.0,0,0.0,0.0,0,0.0,0.0,5,1,0.2,0.0567902898576262,4,0.8,0.7948717948717948,0,0.0,0.0,35,0,0.0,0.0,1,0.0285714285714285,0.0588235294117647,1,0.0285714285714285,0.0571428571428571,33,0.9428571428571428,0.9423076923076924,159.44363823528064,False,1,0.0280158972867848,J145956.33+120022.8.png,/Users/apple/Desktop/Galaxy_research/image/J145/J145956.33+120022.8.png,1,0.43095294,0.56904703
490,523,J134/J134258.38+180319.1.png,205.7432967554996,18.055311541819908,0.045692824,-18.152493,95.240005,1.8249041,4.501389,4.186915,pre_active,False,False,DR2,29,26,0.8965517241379308,,2,0.0689655172413793,,1,0.0344827586206896,,26,20,0.7692307692307693,,6,0.2307692307692308,,0,0.0,,2,0,0.0,,2,1.0,,0,0,0.0,,0,0.0,,0,0.0,,2,0,0.0,,2,1.0,,2,0,0.0,,2,1.0,,0,0,0.0,,0,0.0,,0,0.0,,0,0,0.0,,0,0.0,,0,0.0,,0,0.0,,0,0.0,,2,0,0.0,,2,1.0,,0,0.0,,28,1,0.0357142857142857,,0,0.0,,0,0.0,,27,0.9642857142857144,,158.05633387953546,False,1,0.0151161881263571,J134258.38+180319.1.png,/Users/apple/Desktop/Galaxy_research/image/J134/J134258.38+180319.1.png,1,0.39603412,0.6039659
1926,2066,J120/J120847.92+020409.9.png,182.1997023898865,2.069439029422315,0.079043165,-20.602198,314.90283,2.4715333,7.9428678,6.000609,pre_active,False,False,DR2,30,26,0.8666666666666667,0.5198511428260595,2,0.0666666666666666,0.1111111111111111,2,0.0666666666666666,0.0777945226607309,26,19,0.7307692307692307,0.8076923076923077,7,0.2692307692307692,0.3214285714285714,0,0.0,0.0,2,0,0.0,0.0,2,1.0,1.0,0,0,0.0,0.0,0,0.0,0.0,0,0.0,0.0,2,1,0.5,0.4358974358974359,1,0.5,0.5641025641025641,2,0,0.0,0.0,2,1.0,1.0,0,0,0.0,0.0,0,0.0,0.0,0,0.0,0.0,0,0,0.0,0.0,0,0.0,0.0,0,0.0,0.0,0,0.0,0.0,0,0.0,0.0,2,0,0.0,0.0,0,0.0,0.0,2,1.0,1.0,28,1,0.0357142857142857,0.0391908738808898,1,0.0357142857142857,0.048780487804878,1,0.0357142857142857,0.0625,25,0.8928571428571429,0.8809523809523809,138.30565450985495,False,1,0.0267699383000783,J120847.92+020409.9.png,/Users/apple/Desktop/Galaxy_research/image/J120/J120847.92+020409.9.png,1,0.3939503,0.6060497
366,392,J154/J154629.60+110611.3.png,236.6234033068239,11.103146579564967,0.046993513,-19.655373,299.24158,2.2897646,5.4078665,5.0300646,pre_active,False,True,DR1,54,45,0.8333333333333334,0.5920085404169593,3,0.0555555555555555,0.1025641025641025,6,0.1111111111111111,0.128962526754558,45,2,0.0444444444444444,0.0769230769230769,43,0.9555555555555556,0.92,0,0.0,0.0,3,2,0.6666666666666666,0.2285714285714285,1,0.3333333333333333,0.6206896551724138,2,0,0.0,0.0,1,0.5,0.55,1,0.5,0.625,1,0,0.0,0.0,1,1.0,1.0,1,1,1.0,1.0,0,0.0,0.0,1,1,1.0,1.0,0,0.0,0.0,0,0.0,0.0,1,0,0.0,0.0,1,1.0,1.0,0,0.0,0.0,0,0.0,0.0,0,0.0,0.0,1,0,0.0,0.0,1,1.0,1.0,0,0.0,0.0,48,9,0.1875,0.183026315870372,5,0.1041666666666666,0.173076923076923,1,0.0208333333333333,0.0277777777777777,33,0.6875,0.5882352941176471,157.60969638002916,False,1,0.0181857587781069,J154629.60+110611.3.png,/Users/apple/Desktop/Galaxy_research/image/J154/J154629.60+110611.3.png,1,0.34845355,0.6515464
907,963,J121/J121432.69+175902.1.png,183.6362315409943,17.983924575870816,0.06837185,-20.280182,279.26346,2.8739326,6.793319,6.1128097,pre_active,False,False,DR2,30,7,0.2333333333333333,0.0196463410989483,18,0.6,0.945945945945946,5,0.1666666666666666,0.2076475111167331,7,2,0.2857142857142857,0.2941176470588235,5,0.7142857142857143,0.7058823529411765,0,0.0,0.0,18,2,0.1111111111111111,0.0909090909090909,16,0.8888888888888888,0.9,2,2,1.0,1.0,0,0.0,0.0,0,0.0,0.0,16,5,0.3125,0.2666666666666666,11,0.6875,0.7,16,14,0.875,0.9971271592809028,2,0.125,0.0063003611467718,14,5,0.3571428571428571,0.660399789999709,6,0.4285714285714285,0.388642941162708,3,0.2142857142857142,0.0556756801215509,14,0,0.0,0.0,4,0.2857142857142857,0.0591878943643384,10,0.7142857142857143,0.7926689415387014,0,0.0,0.0,0,0.0,0.0,16,0,0.0,0.0,16,1.0,1.0,0,0.0,0.0,25,1,0.04,0.0430099848093674,4,0.16,0.1914893617021277,3,0.12,0.1176470588235294,17,0.68,0.7173913043478259,157.04721925034735,False,0,0.0228772644507723,J121432.69+175902.1.png,/Users/apple/Desktop/Galaxy_research/image/J121/J121432.69+175902.1.png,1,0.34061357,0.6593865
3429,3655,J103/J103658.09+233534.9.png,159.24207589860856,23.593054825893727,0.097169004,-19.865013,89.50423,1.5044127,3.5875313,3.10378,pre_active,False,True,DR2,30,26,0.8666666666666667,0.4189128459656886,0,0.0,0.0,4,0.1333333333333333,0.1652299005096069,26,7,0.2692307692307692,0.2121212121212121,19,0.7307692307692307,0.7714285714285715,0,0.0,0.0,0,0,0.0,0.0,0,0.0,0.0,0,0,0.0,0.0,0,0.0,0.0,0,0.0,0.0,0,0,0.0,0.0,0,0.0,0.0,0,0,0.0,0.0,0,0.0,0.0,0,0,0.0,0.0,0,0.0,0.0,0,0.0,0.0,0,0,0.0,0.0,0,0.0,0.0,0,0.0,0.0,0,0.0,0.0,0,0.0,0.0,0,0,0.0,0.0,0,0.0,0.0,0,0.0,0.0,26,0,0.0,0.0,1,0.0384615384615384,0.1111111111111111,0,0.0,0.0,25,0.9615384615384616,1.0,160.1345487003347,False,1,0.0120216261810295,J103658.09+233534.9.png,/Users/apple/Desktop/Galaxy_research/image/J103/J103658.09+233534.9.png,1,0.3640248,0.6359752
2149,2305,J143/J143745.43+031831.0.png,219.4393169631298,3.3085998350982497,0.027799128,-19.596395,1521.141,3.5871077,12.243289,8.300624,pre_active,False,True,DR2,39,30,0.7692307692307693,0.6641361806009636,5,0.1282051282051282,0.225,4,0.1025641025641025,0.1093898837414758,30,30,1.0,1.0,0,0.0,0.0,0,0.0,0.0,5,2,0.4,0.1875,3,0.6,0.8205128205128205,2,1,0.5,0.5263157894736842,0,0.0,0.0,1,0.5,0.2631578947368421,3,0,0.0,0.0,3,1.0,1.0,3,0,0.0,0.0,3,1.0,1.0,0,0,0.0,0.0,0,0.0,0.0,0,0.0,0.0,0,0,0.0,0.0,0,0.0,0.0,0,0.0,0.0,0,0.0,0.0,0,0.0,0.0,3,0,0.0,0.0,0,0.0,0.0,3,1.0,1.0,35,1,0.0285714285714285,0.0293536998551602,3,0.0857142857142857,0.1034482758620689,1,0.0285714285714285,0.0303030303030303,30,0.8571428571428571,0.8571428571428571,143.7206086746441,False,1,0.0413322928049424,J143745.43+031831.0.png,/Users/apple/Desktop/Galaxy_research/image/J143/J143745.43+031831.0.png,1,0.35380802,0.6461919
1222,1308,J125/J125422.12-011200.1.png,193.59277717439392,-1.199498844981688,0.08529914,-18.720963,38.50864,3.0943213,6.478187,5.891101,pre_active,False,False,DR2,39,33,0.8461538461538461,0.5144264798163526,0,0.0,0.0,6,0.1538461538461538,0.1956245007777416,33,33,1.0,1.0,0,0.0,0.0,0,0.0,0.0,0,0,0.0,0.0,0,0.0,0.0,0,0,0.0,0.0,0,0.0,0.0,0,0.0,0.0,0,0,0.0,0.0,0,0.0,0.0,0,0,0.0,0.0,0,0.0,0.0,0,0,0.0,0.0,0,0.0,0.0,0,0.0,0.0,0,0,0.0,0.0,0,0.0,0.0,0,0.0,0.0,0,0.0,0.0,0,0.0,0.0,0,0,0.0,0.0,0,0.0,0.0,0,0.0,0.0,33,1,0.0303030303030303,0.0340620383742638,0,0.0,0.0,0,0.0,0.0,32,0.9696969696969696,0.9428571428571428,160.15310044192327,False,1,0.0218101448161126,J125422.12-011200.1.png,/Users/apple/Desktop/Galaxy_research/image/J125/J125422.12-011200.1.png,1,0.4182202,0.58177984
2833,3026,J235/J235009.22+014114.7.png,357.5384616031704,1.6874159605325303,0.082074955,-21.10988,368.54007,4.645729,10.092212,10.307529,pre_active,False,False,DR1,53,2,0.0377358490566037,0.0067408101909467,47,0.8867924528301887,0.95,4,0.0754716981132075,0.0903773960608318,2,0,0.0,0.0,2,1.0,1.0,0,0.0,0.0,47,4,0.0851063829787234,0.0909090909090909,43,0.9148936170212766,0.9090909090909092,4,2,0.5,0.5294117647058824,2,0.5,0.5,0,0.0,0.0,43,28,0.6511627906976745,0.696969696969697,15,0.3488372093023256,0.2758620689655172,43,43,1.0,1.0,0,0.0,0.0,43,9,0.2093023255813953,0.3982144802518601,24,0.5581395348837209,0.5039938002446686,10,0.2325581395348837,0.1330233281171409,43,0,0.0,0.0,39,0.9069767441860463,0.7152347264824257,3,0.0697674418604651,0.1373477717659085,1,0.0232558139534883,0.0777269283214368,0,0.0,0.0,43,1,0.0232558139534883,0.0154519611806032,39,0.9069767441860463,0.935483870967742,3,0.0697674418604651,0.088235294117647,49,3,0.0612244897959183,0.0640997507190904,14,0.2857142857142857,0.4,10,0.2040816326530612,0.3555555555555556,22,0.4489795918367347,0.5588235294117647,156.1639876613025,False,0,0.0340481816947889,J235009.22+014114.7.png,/Users/apple/Desktop/Galaxy_research/image/J235/J235009.22+014114.7.png,1,0.39703125,0.60296875
3500,3730,J105/J105646.29-004220.4.png,164.1928631466072,-0.7058617212841951,0.07569915,-18.744162,50.39942,3.9864302,8.4790745,7.833712,pre_active,False,False,DR2,37,5,0.1351351351351351,0.0135586777386489,24,0.6486486486486487,0.9090909090909092,8,0.2162162162162162,0.2810769304471452,5,0,0.0,0.0,3,0.6,0.4081632653061225,2,0.4,1.0,24,2,0.0833333333333333,0.0869565217391304,22,0.9166666666666666,0.925,2,1,0.5,0.5483870967741935,0,0.0,0.0,1,0.5,0.4838709677419355,22,4,0.1818181818181818,0.3478260869565217,18,0.8181818181818182,0.7209302325581395,22,4,0.1818181818181818,0.6282322192356309,18,0.8181818181818182,0.3895313413083865,4,0,0.0,0.0,3,0.75,0.6975371303594674,1,0.25,0.0548402691979448,4,0,0.0,0.0,4,1.0,1.0,0,0.0,0.0,0,0.0,0.0,0,0.0,0.0,22,20,0.9090909090909092,0.7217028157090505,2,0.0909090909090909,0.2272727272727273,0,0.0,0.0,29,0,0.0,0.0,11,0.3793103448275862,0.5357142857142857,2,0.0689655172413793,0.1212121212121212,16,0.5517241379310345,0.48,159.88946778537468,False,0,0.0285856748733431,J105646.29-004220.4.png,/Users/apple/Desktop/Galaxy_research/image/J105/J105646.29-004220.4.png,1,0.45399317,0.54600686
1467,1563,J113/J113945.06+005845.2.png,174.937789768759,0.979236500993146,0.108671255,-21.634346,396.94254,4.871721,11.275079,10.8661375,pre_active,False,True,DR2,35,6,0.1714285714285714,0.063221796103037,23,0.6571428571428571,0.4363636363636363,6,0.1714285714285714,0.2295342938890694,6,1,0.1666666666666666,0.2105263157894736,5,0.8333333333333334,0.8125,0,0.0,0.0,23,1,0.0434782608695652,0.0566037735849056,22,0.9565217391304348,0.9433962264150944,1,0,0.0,0.0,0,0.0,0.0,1,1.0,1.0,22,4,0.1818181818181818,0.1428571428571428,18,0.8181818181818182,0.84,22,19,0.8636363636363636,0.961711932616527,3,0.1363636363636363,0.1250321548100976,19,7,0.3684210526315789,0.5814955123468544,10,0.5263157894736842,0.4618226862370888,2,0.1052631578947368,0.0693119770280018,19,1,0.0526315789473684,0.0217391304347826,17,0.8947368421052632,0.6902522508933371,0,0.0,0.0,1,0.0526315789473684,0.1423733855937637,0,0.0,0.0,22,3,0.1363636363636363,0.1094533722813395,12,0.5454545454545454,0.48,7,0.3181818181818182,0.2954545454545455,29,11,0.3793103448275862,0.3424031893519256,2,0.0689655172413793,0.0833333333333333,2,0.0689655172413793,0.054054054054054,14,0.4827586206896552,0.65625,155.83285000425056,False,0,0.0380536797111472,J113945.06+005845.2.png,/Users/apple/Desktop/Galaxy_research/image/J113/J113945.06+005845.2.png,1,0.42411706,0.5758829
1114,1189,J151/J151120.94+042547.2.png,227.83726920822767,4.429805867878414,0.03574413,-17.63782,98.47195,1.8694943,5.2534547,4.207179,pre_active,False,False,DR2,36,31,0.8611111111111112,0.7800120886008363,4,0.1111111111111111,0.3018867924528302,1,0.0277777777777777,0.0300270815112205,31,9,0.2903225806451613,0.2413793103448276,22,0.7096774193548387,0.6,0,0.0,0.0,4,0,0.0,0.0,4,1.0,1.0,0,0,0.0,0.0,0,0.0,0.0,0,0.0,0.0,4,0,0.0,0.0,4,1.0,1.0,4,0,0.0,0.0,4,1.0,1.0,0,0,0.0,0.0,0,0.0,0.0,0,0.0,0.0,0,0,0.0,0.0,0,0.0,0.0,0,0.0,0.0,0,0.0,0.0,0,0.0,0.0,4,2,0.5,0.4492536468562347,2,0.5,0.5625,0,0.0,0.0,35,1,0.0285714285714285,0.0299492350497075,4,0.1142857142857142,0.1627906976744186,0,0.0,0.0,30,0.8571428571428571,0.8108108108108109,155.11390969404027,False,1,0.0176628799095593,J151120.94+042547.2.png,/Users/apple/Desktop/Galaxy_research/image/J151/J151120.94+042547.2.png,1,0.42816305,0.571837
3722,3968,J164/J164101.15+272353.7.png,250.25481142424687,27.398270984450587,0.11025616,-20.66639,155.0118,2.2459679,6.4655952,5.304429,pre_active,False,False,DR2,38,30,0.7894736842105263,0.3349161697668956,5,0.131578947368421,0.8222222222222222,3,0.0789473684210526,0.0917938876812517,30,22,0.7333333333333333,0.65625,7,0.2333333333333333,0.3409090909090909,1,0.0333333333333333,0.03125,5,2,0.4,0.2,3,0.6,0.8,2,1,0.5,0.4736842105263158,0,0.0,0.0,1,0.5,0.4615384615384616,3,0,0.0,0.0,3,1.0,1.0,3,0,0.0,0.0,3,1.0,1.0,0,0,0.0,0.0,0,0.0,0.0,0,0.0,0.0,0,0,0.0,0.0,0,0.0,0.0,0,0.0,0.0,0,0.0,0.0,0,0.0,0.0,3,0,0.0,0.0,1,0.3333333333333333,0.4375,2,0.6666666666666666,0.5625,35,1,0.0285714285714285,0.0330772453232327,2,0.0571428571428571,0.0769230769230769,0,0.0,0.0,32,0.9142857142857144,0.9130434782608696,151.95314581680157,False,1,0.021767505677543,J164101.15+272353.7.png,/Users/apple/Desktop/Galaxy_research/image/J164/J164101.15+272353.7.png,1,0.39921921,0.60078084
2119,2272,J131/J131539.52-021016.9.png,198.91469201968133,-2.1713894508419465,0.11403819,-20.990423,180.07025,2.6466448,6.403463,5.486766,pre_active,False,True,DR2,34,30,0.8823529411764706,0.5441818550754369,3,0.088235294117647,0.7647058823529411,1,0.0294117647058823,0.0295614962207246,30,10,0.3333333333333333,0.3636363636363637,20,0.6666666666666666,0.6521739130434783,0,0.0,0.0,3,1,0.3333333333333333,0.2222222222222222,2,0.6666666666666666,0.7692307692307693,1,0,0.0,0.0,0,0.0,0.0,1,1.0,1.0,2,0,0.0,0.0,2,1.0,1.0,2,0,0.0,0.0,2,1.0,1.0,0,0,0.0,0.0,0,0.0,0.0,0,0.0,0.0,0,0,0.0,0.0,0,0.0,0.0,0,0.0,0.0,0,0.0,0.0,0,0.0,0.0,2,0,0.0,0.0,1,0.5,0.6666666666666666,1,0.5,0.3666666666666665,33,3,0.0909090909090909,0.0919148994323479,2,0.0606060606060606,0.1111111111111111,1,0.0303030303030303,0.0606060606060606,27,0.8181818181818182,0.7872340425531915,151.29728631083955,False,1,0.0215571097464265,J131539.52-021016.9.png,/Users/apple/Desktop/Galaxy_research/image/J131/J131539.52-021016.9.png,1,0.40148455,0.5985155
2178,2334,J223/J223004.27+003527.9.png,337.51778569127293,0.5910925877574595,0.13127215,-20.620174,71.27707,2.3344154,5.566817,5.2534547,pre_active,False,False,DR1,47,10,0.2127659574468085,0.0111877254345505,34,0.7234042553191491,1.0,3,0.0638297872340425,0.0696759222036712,10,9,0.9,0.9,1,0.1,0.1,0,0.0,0.0,34,2,0.0588235294117647,0.0689655172413793,32,0.9411764705882352,0.9333333333333332,2,2,1.0,1.0,0,0.0,0.0,0,0.0,0.0,32,17,0.53125,0.6296296296296297,15,0.46875,0.25,32,22,0.6875,0.9895140396243368,10,0.3125,0.0235785679103655,22,6,0.2727272727272727,0.6745211701455793,11,0.5,0.4295150321279043,5,0.2272727272727273,0.0474901465986682,22,1,0.0454545454545454,0.0,20,0.9090909090909092,0.5693444000490473,0,0.0,0.0,0,0.0,0.0,1,0.0454545454545454,0.3846153846153846,32,1,0.03125,0.0073743040298332,19,0.59375,0.7209302325581395,12,0.375,0.2962962962962963,44,2,0.0454545454545454,0.0501366357373265,7,0.1590909090909091,0.25,2,0.0454545454545454,0.0769230769230769,33,0.75,0.7096774193548387,150.3358532791278,False,0,0.0187240068756945,J223004.27+003527.9.png,/Users/apple/Desktop/Galaxy_research/image/J223/J223004.27+003527.9.png,1,0.44222036,0.5577796
705,747,J153/J153820.26+013012.7.png,234.58443824547223,1.5035524381177854,0.07852842,-20.677834,313.7696,3.5494323,8.938591,7.792477,pre_active,False,True,DR2,34,7,0.2058823529411765,0.0279293050571662,26,0.7647058823529411,0.9318181818181818,1,0.0294117647058823,0.0320981075382614,7,3,0.4285714285714285,0.5862068965517241,4,0.5714285714285714,0.4615384615384616,0,0.0,0.0,26,3,0.1153846153846154,0.081081081081081,23,0.8846153846153846,0.9019607843137256,3,2,0.6666666666666666,0.6086956521739131,0,0.0,0.0,1,0.3333333333333333,0.3448275862068966,23,2,0.0869565217391304,0.0857142857142857,21,0.9130434782608696,0.9,23,17,0.7391304347826086,0.9737556267740812,6,0.2608695652173913,0.0506299273694297,17,2,0.1176470588235294,0.3002422237367426,10,0.5882352941176471,0.5335757053756629,5,0.2941176470588235,0.1173857671825665,17,6,0.3529411764705882,0.1612903225806451,10,0.5882352941176471,0.2526734494737137,0,0.0,0.0,1,0.0588235294117647,0.2041511139949575,0,0.0,0.0,23,0,0.0,0.0,18,0.7826086956521741,0.7674418604651163,5,0.217391304347826,0.2666666666666666,33,7,0.2121212121212121,0.2022685197305549,1,0.0303030303030303,0.0303030303030303,18,0.5454545454545454,0.6153846153846154,7,0.2121212121212121,0.1346153846153846,155.23329045858847,False,0,0.0301417183078407,J153820.26+013012.7.png,/Users/apple/Desktop/Galaxy_research/image/J153/J153820.26+013012.7.png,1,0.38412023,0.6158798
14,14,J113/J113755.18+263121.6.png,174.4800063782267,26.5226609858686,0.030673342,-17.50179,111.03595,2.3799372,5.6208315,5.1281514,pre_active,False,False,DR2,39,31,0.7948717948717948,0.7134447037830633,5,0.1282051282051282,0.21875,3,0.0769230769230769,0.0831244329389133,31,0,0.0,0.0,17,0.5483870967741935,0.3076923076923077,14,0.4516129032258064,0.6190476190476191,5,3,0.6,0.5238095238095238,2,0.4,0.4761904761904762,3,0,0.0,0.0,1,0.3333333333333333,0.3684210526315789,2,0.6666666666666666,0.8636363636363636,2,1,0.5,0.8214285714285714,1,0.5,0.21875,2,0,0.0,0.0,2,1.0,1.0,0,0,0.0,0.0,0,0.0,0.0,0,0.0,0.0,0,0,0.0,0.0,0,0.0,0.0,0,0.0,0.0,0,0.0,0.0,0,0.0,0.0,2,1,0.5,0.4664124176245065,0,0.0,0.0,1,0.5,0.9230769230769232,36,0,0.0,0.0,2,0.0555555555555555,0.073170731707317,0,0.0,0.0,34,0.9444444444444444,0.9318181818181818,159.38024756534918,False,1,0.018906914144732,J113755.18+263121.6.png,/Users/apple/Desktop/Galaxy_research/image/J113/J113755.18+263121.6.png,1,0.3744329,0.62556714
1023,1089,J151/J151211.48+020036.7.png,228.04788621058543,2.010212215851944,0.03865889,-20.388723,1290.4508,3.5241792,11.924413,8.957146,pre_active,False,True,DR2,37,31,0.8378378378378378,0.6018533385445973,1,0.027027027027027,0.0545454545454545,5,0.1351351351351351,0.1535717266439667,31,28,0.9032258064516128,0.9032258064516128,3,0.0967741935483871,0.0967741935483871,0,0.0,0.0,1,1,1.0,1.0,0,0.0,0.0,1,0,0.0,0.0,1,1.0,1.0,0,0.0,0.0,0,0,0.0,0.0,0,0.0,0.0,0,0,0.0,0.0,0,0.0,0.0,0,0,0.0,0.0,0,0.0,0.0,0,0.0,0.0,0,0,0.0,0.0,0,0.0,0.0,0,0.0,0.0,0,0.0,0.0,0,0.0,0.0,0,0,0.0,0.0,0,0.0,0.0,0,0.0,0.0,32,1,0.03125,0.0328607479583643,3,0.09375,0.0909090909090909,1,0.03125,0.0333333333333333,27,0.84375,0.8620689655172413,132.945189538596,False,1,0.0402524950039518,J151211.48+020036.7.png,/Users/apple/Desktop/Galaxy_research/image/J151/J151211.48+020036.7.png,1,0.35770974,0.64229035
949,1011,J145/J145702.24+023701.0.png,224.2593689698803,2.6169505438452885,0.08258065,-20.915844,384.66452,3.8015058,8.345883,8.000845,pre_active,False,False,DR2,38,4,0.1052631578947368,0.0113960041996551,32,0.8421052631578947,0.9428571428571428,2,0.0526315789473684,0.0604652047228092,4,3,0.75,0.72,1,0.25,0.21875,0,0.0,0.0,32,4,0.125,0.0975609756097561,28,0.875,0.90625,4,2,0.5,0.5294117647058824,0,0.0,0.0,2,0.5,0.4705882352941176,28,4,0.1428571428571428,0.1481481481481481,24,0.8571428571428571,0.8518518518518519,28,25,0.8928571428571429,0.9903837736734414,3,0.1071428571428571,0.0252702196255316,25,16,0.64,0.8597623757977259,5,0.2,0.1833433481745293,4,0.16,0.0615950047806611,25,1,0.04,0.0238095238095238,11,0.44,0.1555791818856221,8,0.32,0.4201934538955242,2,0.08,0.22545090754702,3,0.12,0.25,28,2,0.0714285714285714,0.038530269921584,23,0.8214285714285714,0.78125,3,0.1071428571428571,0.1176470588235294,36,10,0.2777777777777778,0.2609724647858715,4,0.1111111111111111,0.1320754716981132,2,0.0555555555555555,0.0588235294117647,20,0.5555555555555556,0.4848484848484849,155.25618908617705,False,0,0.028134653508265,J145702.24+023701.0.png,/Users/apple/Desktop/Galaxy_research/image/J145/J145702.24+023701.0.png,1,0.41765448,0.5823455
2829,3021,J095/J095628.63+244102.5.png,149.11933527759837,24.68405333009516,0.12832876,-21.05475,134.05986,2.1195402,6.818261,4.862905,pre_active,False,False,DR2,34,26,0.7647058823529411,0.2808821514033917,5,0.1470588235294117,0.8571428571428571,3,0.088235294117647,0.1020424281402379,26,26,1.0,1.0,0,0.0,0.0,0,0.0,0.0,5,0,0.0,0.0,5,1.0,1.0,0,0,0.0,0.0,0,0.0,0.0,0,0.0,0.0,5,0,0.0,0.0,5,1.0,1.0,5,0,0.0,0.0,5,1.0,1.0,0,0,0.0,0.0,0,0.0,0.0,0,0.0,0.0,0,0,0.0,0.0,0,0.0,0.0,0,0.0,0.0,0,0.0,0.0,0,0.0,0.0,5,0,0.0,0.0,4,0.8,0.8285714285714286,1,0.2,0.1578947368421052,31,15,0.4838709677419355,0.4400775496003868,1,0.032258064516129,0.0857142857142857,1,0.032258064516129,0.0625,14,0.4516129032258064,0.3703703703703704,156.39258006406385,False,1,0.0229617246069217,J095628.63+244102.5.png,/Users/apple/Desktop/Galaxy_research/image/J095/J095628.63+244102.5.png,0,0.53198373,0.4680162
321,344,J163/J163253.59+111301.4.png,248.2232913036329,11.217039088673893,0.14295919,-20.923119,106.447586,2.2307854,7.1993732,4.7699537,pre_active,False,False,DR1,46,37,0.8043478260869565,0.3431783017636463,2,0.0434782608695652,0.173076923076923,7,0.1521739130434782,0.1914961961139126,37,16,0.4324324324324325,0.3461538461538461,21,0.5675675675675675,0.6363636363636364,0,0.0,0.0,2,0,0.0,0.0,2,1.0,1.0,0,0,0.0,0.0,0,0.0,0.0,0,0.0,0.0,2,0,0.0,0.0,2,1.0,1.0,2,0,0.0,0.0,2,1.0,1.0,0,0,0.0,0.0,0,0.0,0.0,0,0.0,0.0,0,0,0.0,0.0,0,0.0,0.0,0,0.0,0.0,0,0.0,0.0,0,0.0,0.0,2,0,0.0,0.0,0,0.0,0.0,2,1.0,1.0,39,3,0.0769230769230769,0.0795146291918434,1,0.0256410256410256,0.081081081081081,3,0.0769230769230769,0.1818181818181818,32,0.8205128205128205,0.75,150.89323702094083,False,1,0.0242522705103157,J163253.59+111301.4.png,/Users/apple/Desktop/Galaxy_research/image/J163/J163253.59+111301.4.png,1,0.42987603,0.570124
3515,3746,J092/J092706.61+093319.4.png,141.77757243342313,9.555427369040585,0.049049884,-20.633137,711.6177,7.1245217,14.652426,14.239108,pre_active,False,True,DR2,38,2,0.0526315789473684,0.0572422115047875,33,0.8684210526315791,0.8684210526315791,3,0.0789473684210526,0.0923875286568516,2,0,0.0,0.0,1,0.5,0.4642857142857143,1,0.5,0.5,33,3,0.0909090909090909,0.0909090909090909,30,0.9090909090909092,0.9090909090909092,3,2,0.6666666666666666,0.6666666666666666,0,0.0,0.0,1,0.3333333333333333,0.3333333333333333,30,2,0.0666666666666666,0.0833333333333333,28,0.9333333333333332,0.9166666666666666,30,27,0.9,0.945606691044928,3,0.1,0.1,27,21,0.7777777777777778,0.8804232798298527,6,0.2222222222222222,0.2106050600222156,0,0.0,0.0,27,0,0.0,0.0,1,0.037037037037037,0.014307391154091,4,0.1481481481481481,0.1766026775990787,6,0.2222222222222222,0.296900675067007,16,0.5925925925925926,0.5925925925925926,30,6,0.2,0.1108063522093663,22,0.7333333333333333,0.7083333333333334,2,0.0666666666666666,0.0909090909090909,35,5,0.1428571428571428,0.1404974820214348,6,0.1714285714285714,0.1714285714285714,2,0.0571428571428571,0.0571428571428571,22,0.6285714285714286,0.6285714285714286,157.51918609375863,False,0,0.0494902627835074,J092706.61+093319.4.png,/Users/apple/Desktop/Galaxy_research/image/J092/J092706.61+093319.4.png,1,0.38353485,0.61646515
2714,2903,J133/J133848.47+183502.0.png,204.70197214597303,18.58389833698776,0.11347489,-20.996964,175.94652,1.4474126,4.3099785,3.1950076,pre_active,False,False,DR2,34,29,0.8529411764705882,0.3607305772497889,1,0.0294117647058823,0.1025641025641025,4,0.1176470588235294,0.1428813484787552,29,17,0.5862068965517241,0.5652173913043478,12,0.4137931034482759,0.2941176470588235,0,0.0,0.0,1,1,1.0,1.0,0,0.0,0.0,1,1,1.0,1.0,0,0.0,0.0,0,0.0,0.0,0,0,0.0,0.0,0,0.0,0.0,0,0,0.0,0.0,0,0.0,0.0,0,0,0.0,0.0,0,0.0,0.0,0,0.0,0.0,0,0,0.0,0.0,0,0.0,0.0,0,0.0,0.0,0,0.0,0.0,0,0.0,0.0,0,0,0.0,0.0,0,0.0,0.0,0,0.0,0.0,30,0,0.0,0.0,2,0.0666666666666666,0.09375,0,0.0,0.0,28,0.9333333333333332,0.875,154.27840267307084,False,1,0.0144680219520871,J133848.47+183502.0.png,/Users/apple/Desktop/Galaxy_research/image/J133/J133848.47+183502.0.png,1,0.38710597,0.612894
2665,2851,J125/J125201.41-021127.7.png,193.0058845126817,-2.191023228585942,0.11255816,-20.393877,96.346634,1.625235,3.7649915,3.7108507,pre_active,False,True,DR2,35,27,0.7714285714285715,0.2457282023376131,3,0.0857142857142857,0.8490566037735849,5,0.1428571428571428,0.1785561561414227,27,21,0.7777777777777778,0.9230769230769232,6,0.2222222222222222,0.1111111111111111,0,0.0,0.0,3,0,0.0,0.0,3,1.0,1.0,0,0,0.0,0.0,0,0.0,0.0,0,0.0,0.0,3,0,0.0,0.0,3,1.0,1.0,3,0,0.0,0.0,3,1.0,1.0,0,0,0.0,0.0,0,0.0,0.0,0,0.0,0.0,0,0,0.0,0.0,0,0.0,0.0,0,0.0,0.0,0,0.0,0.0,0,0.0,0.0,3,0,0.0,0.0,1,0.3333333333333333,0.5116279069767442,2,0.6666666666666666,0.5,30,0,0.0,0.0,0,0.0,0.0,1,0.0333333333333333,0.0612244897959183,29,0.9666666666666668,0.96875,158.84762146769802,False,1,0.0126225529792939,J125201.41-021127.7.png,/Users/apple/Desktop/Galaxy_research/image/J125/J125201.41-021127.7.png,1,0.4216061,0.5783938
2221,2380,J113/J113733.85+014857.1.png,174.39108191084088,1.81587314389788,0.075781,-21.029062,560.55304,3.2277646,10.199303,7.792477,pre_active,False,False,DR2,36,28,0.7777777777777778,0.4297498317707687,3,0.0833333333333333,0.6944444444444444,5,0.1388888888888889,0.1729977309625961,28,28,1.0,1.0,0,0.0,0.0,0,0.0,0.0,3,0,0.0,0.0,3,1.0,1.0,0,0,0.0,0.0,0,0.0,0.0,0,0.0,0.0,3,0,0.0,0.0,3,1.0,1.0,3,0,0.0,0.0,3,1.0,1.0,0,0,0.0,0.0,0,0.0,0.0,0,0.0,0.0,0,0,0.0,0.0,0,0.0,0.0,0,0.0,0.0,0,0.0,0.0,0,0.0,0.0,3,0,0.0,0.0,2,0.6666666666666666,0.64,1,0.3333333333333333,0.3333333333333333,31,1,0.032258064516129,0.0357681174963322,3,0.0967741935483871,0.1428571428571428,3,0.0967741935483871,0.1153846153846154,24,0.7741935483870968,0.7352941176470589,147.39810421806348,False,1,0.0344108199187564,J113733.85+014857.1.png,/Users/apple/Desktop/Galaxy_research/image/J113/J113733.85+014857.1.png,1,0.38174352,0.6182565
1670,1785,J153/J153433.59-014249.7.png,233.64000948592303,-1.7138141532782134,0.06642735,-19.971039,212.36957,3.1188016,6.951218,6.434454,pre_active,False,False,DR2,37,29,0.7837837837837838,0.4305954717020948,7,0.1891891891891892,0.5675675675675675,1,0.027027027027027,0.0296998907135106,29,1,0.0344827586206896,0.037037037037037,28,0.9655172413793104,0.9487179487179488,0,0.0,0.0,7,2,0.2857142857142857,0.1333333333333333,5,0.7142857142857143,0.8611111111111112,2,2,1.0,1.0,0,0.0,0.0,0,0.0,0.0,5,1,0.2,0.2222222222222222,4,0.8,0.8222222222222222,5,4,0.8,0.9925249229327362,1,0.2,0.014573001761745,4,2,0.5,0.7814403549317955,2,0.5,0.4559445021636839,0,0.0,0.0,4,0,0.0,0.0,3,0.75,0.4114740390557087,1,0.25,0.4328075999294784,0,0.0,0.0,0,0.0,0.0,5,1,0.2,0.0508973138029768,3,0.6,0.7666666666666667,1,0.2,0.1666666666666666,36,2,0.0555555555555555,0.0580305978899912,1,0.0277777777777777,0.024390243902439,2,0.0555555555555555,0.0714285714285714,31,0.8611111111111112,0.8604651162790697,154.7345735060448,False,1,0.0234119518934729,J153433.59-014249.7.png,/Users/apple/Desktop/Galaxy_research/image/J153/J153433.59-014249.7.png,1,0.38652653,0.6134735
3456,3683,J001/J001621.30+004719.0.png,4.088787773873804,0.788646615049559,0.044279262,-20.324392,817.64453,2.401816,7.8076673,6.174788,pre_active,False,True,DR1,51,41,0.8039215686274509,0.5366927043926134,10,0.196078431372549,0.4516129032258064,0,0.0,0.0,41,34,0.8292682926829268,0.5925925925925926,7,0.1707317073170731,0.4444444444444444,0,0.0,0.0,10,2,0.2,0.125,8,0.8,0.875,2,2,1.0,1.0,0,0.0,0.0,0,0.0,0.0,8,0,0.0,0.0,8,1.0,1.0,8,0,0.0,0.0,8,1.0,1.0,0,0,0.0,0.0,0,0.0,0.0,0,0.0,0.0,0,0,0.0,0.0,0,0.0,0.0,0,0.0,0.0,0,0.0,0.0,0,0.0,0.0,8,0,0.0,0.0,1,0.125,0.2272727272727273,7,0.875,0.7692307692307693,51,2,0.0392156862745098,0.0411007489807899,3,0.0588235294117647,0.08,0,0.0,0.0,46,0.9019607843137256,0.8787878787878788,135.58526902939195,False,1,0.0263121139338895,J001621.30+004719.0.png,/Users/apple/Desktop/Galaxy_research/image/J001/J001621.30+004719.0.png,1,0.33637983,0.6636201
3406,3632,J115/J115749.48+001622.4.png,179.45621319127042,0.2729074208408152,0.1332,-20.195341,53.323948,2.0828648,5.5004687,3.882611,pre_active,False,False,DR2,35,31,0.8857142857142857,0.4914568651134031,3,0.0857142857142857,0.7818181818181819,1,0.0285714285714285,0.0269481602676969,31,10,0.3225806451612903,0.12,20,0.6451612903225806,0.5517241379310345,1,0.032258064516129,0.6666666666666666,3,0,0.0,0.0,3,1.0,1.0,0,0,0.0,0.0,0,0.0,0.0,0,0.0,0.0,3,0,0.0,0.0,3,1.0,1.0,3,0,0.0,0.0,3,1.0,1.0,0,0,0.0,0.0,0,0.0,0.0,0,0.0,0.0,0,0,0.0,0.0,0,0.0,0.0,0,0.0,0.0,0,0.0,0.0,0,0.0,0.0,3,3,1.0,1.0,0,0.0,0.0,0,0.0,0.0,34,7,0.2058823529411765,0.1932204840944254,2,0.0588235294117647,0.0909090909090909,0,0.0,0.0,25,0.7352941176470589,0.696969696969697,157.49940697578268,False,1,0.0184993341237801,J115749.48+001622.4.png,/Users/apple/Desktop/Galaxy_research/image/J115/J115749.48+001622.4.png,1,0.45618793,0.5438121
2583,2767,J150/J150725.61+003920.6.png,226.856719683298,0.6557172017154815,0.035092093,-20.359848,1474.2369,4.4306955,12.919089,9.704307,pre_active,False,True,DR2,37,29,0.7837837837837838,0.5879968533777318,8,0.2162162162162162,0.3513513513513513,0,0.0,0.0,29,27,0.9310344827586208,0.9310344827586208,2,0.0689655172413793,0.0689655172413793,0,0.0,0.0,8,1,0.125,0.09375,7,0.875,0.9,1,1,1.0,1.0,0,0.0,0.0,0,0.0,0.0,7,0,0.0,0.0,7,1.0,1.0,7,2,0.2857142857142857,0.6182731330564749,5,0.7142857142857143,0.405480053279142,2,1,0.5,0.6419431822272361,0,0.0,0.0,1,0.5,0.3488600691266482,2,2,1.0,1.0,0,0.0,0.0,0,0.0,0.0,0,0.0,0.0,0,0.0,0.0,7,0,0.0,0.0,2,0.2857142857142857,0.3,5,0.7142857142857143,0.696969696969697,37,2,0.054054054054054,0.0552106165443127,7,0.1891891891891892,0.1875,0,0.0,0.0,28,0.7567567567567568,0.8,142.06344539314858,False,1,0.0436207289177555,J150725.61+003920.6.png,/Users/apple/Desktop/Galaxy_research/image/J150/J150725.61+003920.6.png,1,0.35450333,0.64549667
2718,2907,J155/J155004.55+043941.3.png,237.5190193851496,4.661486854440914,0.09728148,-21.481148,485.17508,3.862174,11.097967,8.938591,pre_active,False,False,DR2,39,4,0.1025641025641025,0.0134195200766324,30,0.7692307692307693,0.8918918918918919,5,0.1282051282051282,0.161988960217826,4,1,0.25,0.2083333333333333,3,0.75,0.6521739130434783,0,0.0,0.0,30,2,0.0666666666666666,0.0909090909090909,28,0.9333333333333332,0.9090909090909092,2,0,0.0,0.0,0,0.0,0.0,2,1.0,1.0,28,5,0.1785714285714285,0.21875,23,0.8214285714285714,0.78125,28,28,1.0,1.0,0,0.0,0.0,28,16,0.5714285714285714,0.7980674734580128,10,0.3571428571428571,0.3145307855700849,2,0.0714285714285714,0.029464595156668,28,0,0.0,0.0,4,0.1428571428571428,0.0306892138100354,10,0.3571428571428571,0.4377990942373233,10,0.3571428571428571,0.5598968193293226,4,0.1428571428571428,0.5,28,0,0.0,0.0,22,0.7857142857142857,0.7826086956521741,6,0.2142857142857142,0.2352941176470588,34,5,0.1470588235294117,0.1420881587445573,1,0.0294117647058823,0.06,3,0.088235294117647,0.1052631578947368,25,0.7352941176470589,0.7428571428571429,150.44537025368012,False,0,0.0374539320094417,J155004.55+043941.3.png,/Users/apple/Desktop/Galaxy_research/image/J155/J155004.55+043941.3.png,1,0.4176484,0.58235157
1398,1491,J224/J224133.87+002402.7.png,340.39099528888755,0.4020229371817337,0.005878035,-17.545576,4464.4414,35.107735,84.18487,71.578316,pre_active,False,False,DR1,42,2,0.0476190476190476,0.0476190476190476,33,0.7857142857142857,0.7857142857142857,7,0.1666666666666666,0.1666666666666666,2,1,0.5,0.4814814814814815,1,0.5,0.5185185185185185,0,0.0,0.0,33,3,0.0909090909090909,0.0909090909090909,30,0.9090909090909092,0.9090909090909092,3,2,0.6666666666666666,0.631578947368421,0,0.0,0.0,1,0.3333333333333333,0.3421052631578947,30,20,0.6666666666666666,0.6666666666666666,10,0.3333333333333333,0.3333333333333333,30,27,0.9,0.9,3,0.1,0.1,27,18,0.6666666666666666,0.6666666666666666,7,0.2592592592592592,0.2592592592592592,2,0.074074074074074,0.074074074074074,27,0,0.0,0.0,3,0.1111111111111111,0.1111111111111111,2,0.074074074074074,0.074074074074074,6,0.2222222222222222,0.2222222222222222,16,0.5925925925925926,0.5925925925925926,30,10,0.3333333333333333,0.3333333333333333,20,0.6666666666666666,0.6666666666666666,0,0.0,0.0,35,0,0.0,0.0,8,0.2285714285714285,0.2285714285714285,2,0.0571428571428571,0.0571428571428571,25,0.7142857142857143,0.7142857142857143,106.20094426740997,False,0,0.2849453617207024,J224133.87+002402.7.png,/Users/apple/Desktop/Galaxy_research/image/J224/J224133.87+002402.7.png,1,0.4245337,0.57546633
166,180,J103/J103540.34-002452.4.png,158.9181290883797,-0.4145535834111037,0.08348337,-19.465714,82.27406,1.7642585,3.353051,3.4184358,pre_active,False,True,DR1,42,40,0.9523809523809524,0.7106374951204109,0,0.0,0.0,2,0.0476190476190476,0.0536117812970623,40,35,0.875,0.6888888888888889,5,0.125,0.15625,0,0.0,0.0,0,0,0.0,0.0,0,0.0,0.0,0,0,0.0,0.0,0,0.0,0.0,0,0.0,0.0,0,0,0.0,0.0,0,0.0,0.0,0,0,0.0,0.0,0,0.0,0.0,0,0,0.0,0.0,0,0.0,0.0,0,0.0,0.0,0,0,0.0,0.0,0,0.0,0.0,0,0.0,0.0,0,0.0,0.0,0,0.0,0.0,0,0,0.0,0.0,0,0.0,0.0,0,0.0,0.0,40,1,0.025,0.0285413350464669,0,0.0,0.0,0,0.0,0.0,39,0.975,0.9318181818181818,159.755852034218,False,1,0.0112276143635343,J103540.34-002452.4.png,/Users/apple/Desktop/Galaxy_research/image/J103/J103540.34-002452.4.png,1,0.4201798,0.5798201
402,429,J235/J235731.41+003022.6.png,359.3809188557367,0.5062900412154638,0.13842122,-19.580711,31.69434,1.5941489,3.2889163,3.2260087,pre_active,False,False,DR1,53,48,0.9056603773584906,0.5054654467369905,0,0.0,0.0,5,0.0943396226415094,0.1084782835607167,48,37,0.7708333333333334,0.5833333333333334,11,0.2291666666666666,0.3111111111111111,0,0.0,0.0,0,0,0.0,0.0,0,0.0,0.0,0,0,0.0,0.0,0,0.0,0.0,0,0.0,0.0,0,0,0.0,0.0,0,0.0,0.0,0,0,0.0,0.0,0,0.0,0.0,0,0,0.0,0.0,0,0.0,0.0,0,0.0,0.0,0,0,0.0,0.0,0,0.0,0.0,0,0.0,0.0,0,0.0,0.0,0,0.0,0.0,0,0,0.0,0.0,0,0.0,0.0,0,0.0,0.0,48,0,0.0,0.0,0,0.0,0.0,1,0.0208333333333333,0.0384615384615384,47,0.9791666666666666,0.9655172413793104,157.4267158315416,False,1,0.0110104374420125,J235731.41+003022.6.png,/Users/apple/Desktop/Galaxy_research/image/J235/J235731.41+003022.6.png,1,0.4664006,0.5335994
3675,3916,J154/J154213.32+152221.8.png,235.5555295571264,15.372746243800426,0.14931561,-21.416058,137.0293,2.0196373,6.5283313,4.6336956,pre_active,False,True,DR2,34,28,0.8235294117647058,0.3501135563364777,4,0.1176470588235294,0.7058823529411765,2,0.0588235294117647,0.0607194285215363,28,4,0.1428571428571428,0.0769230769230769,24,0.8571428571428571,0.8846153846153846,0,0.0,0.0,4,0,0.0,0.0,4,1.0,1.0,0,0,0.0,0.0,0,0.0,0.0,0,0.0,0.0,4,0,0.0,0.0,4,1.0,1.0,4,1,0.25,0.9685131933569632,3,0.75,0.071839925220649,1,1,1.0,1.0,0,0.0,0.0,0,0.0,0.0,1,0,0.0,0.0,0,0.0,0.0,0,0.0,0.0,0,0.0,0.0,1,1.0,1.0,4,1,0.25,0.1485264993715881,1,0.25,0.4358974358974359,2,0.5,0.4782608695652174,32,0,0.0,0.0,3,0.09375,0.2142857142857142,0,0.0,0.0,29,0.90625,0.8125,148.6994647780739,False,1,0.0219799465725076,J154213.32+152221.8.png,/Users/apple/Desktop/Galaxy_research/image/J154/J154213.32+152221.8.png,1,0.4134822,0.58651775
3303,3524,J223/J223432.40+012456.9.png,338.6350367772028,1.4157557973952568,0.059424534,-20.660738,523.67126,3.4349806,8.9782715,7.6190467,pre_active,False,False,DR1,42,8,0.1904761904761904,0.0214687382026282,28,0.6666666666666666,0.8947368421052632,6,0.1428571428571428,0.1737438492610936,8,1,0.125,0.1142857142857142,7,0.875,0.8571428571428571,0,0.0,0.0,28,2,0.0714285714285714,0.0857142857142857,26,0.9285714285714286,0.9347826086956522,2,1,0.5,0.5,1,0.5,0.5,0,0.0,0.0,26,7,0.2692307692307692,0.3055555555555556,19,0.7307692307692307,0.6666666666666666,26,18,0.6923076923076923,0.9665245670078694,8,0.3076923076923077,0.0502497119595276,18,8,0.4444444444444444,0.6971396112025214,4,0.2222222222222222,0.2070108391077812,6,0.3333333333333333,0.1458753337176001,18,1,0.0555555555555555,0.0277777777777777,14,0.7777777777777778,0.4894356900333252,2,0.1111111111111111,0.2409723786362052,1,0.0555555555555555,0.1745048342598438,0,0.0,0.0,26,0,0.0,0.0,19,0.7307692307692307,0.7333333333333333,7,0.2692307692307692,0.2758620689655172,36,0,0.0,0.0,3,0.0833333333333333,0.0689655172413793,5,0.1388888888888889,0.0980392156862745,28,0.7777777777777778,0.8,154.5744874381884,False,0,0.0302760868919994,J223432.40+012456.9.png,/Users/apple/Desktop/Galaxy_research/image/J223/J223432.40+012456.9.png,1,0.3587611,0.6412389
2387,2558,J091/J091932.50+093620.3.png,139.88547400571306,9.605631190918889,0.13275258,-20.599842,83.44109,2.192398,5.2029705,4.6336956,pre_active,False,True,DR2,29,23,0.7931034482758621,,4,0.1379310344827586,,2,0.0689655172413793,,23,15,0.6521739130434783,,8,0.3478260869565217,,0,0.0,,4,1,0.25,,3,0.75,,1,0,0.0,,1,1.0,,0,0.0,,3,0,0.0,,3,1.0,,3,0,0.0,,3,1.0,,0,0,0.0,,0,0.0,,0,0.0,,0,0,0.0,,0,0.0,,0,0.0,,0,0.0,,0,0.0,,3,2,0.6666666666666666,,1,0.3333333333333333,,0,0.0,,27,0,0.0,,1,0.037037037037037,,0,0.0,,26,0.9629629629629628,,157.58626668240018,False,1,0.0174919271625832,J091932.50+093620.3.png,/Users/apple/Desktop/Galaxy_research/image/J091/J091932.50+093620.3.png,1,0.41397578,0.5860243
1691,1809,J114/J114252.65+011944.1.png,175.71937912429107,1.3289493113779236,0.12142097,-20.411325,95.49528,1.815798,5.357219,4.007525,pre_active,False,False,DR2,32,30,0.9375,0.6251850030078071,1,0.03125,0.0833333333333333,1,0.03125,0.031039849143743,30,9,0.3,0.4615384615384616,21,0.7,0.6,0,0.0,0.0,1,0,0.0,0.0,1,1.0,1.0,0,0,0.0,0.0,0,0.0,0.0,0,0.0,0.0,1,0,0.0,0.0,1,1.0,1.0,1,0,0.0,0.0,1,1.0,1.0,0,0,0.0,0.0,0,0.0,0.0,0,0.0,0.0,0,0,0.0,0.0,0,0.0,0.0,0,0.0,0.0,0,0.0,0.0,0,0.0,0.0,1,0,0.0,0.0,0,0.0,0.0,1,1.0,1.0,31,0,0.0,0.0,0,0.0,0.0,1,0.032258064516129,0.074074074074074,30,0.967741935483871,0.90625,155.2600788729378,False,1,0.018014253054485,J114252.65+011944.1.png,/Users/apple/Desktop/Galaxy_research/image/J114/J114252.65+011944.1.png,1,0.41542304,0.58457696
196,212,J100/J100039.79+020919.9.png,150.16600803140952,2.155362979179756,0.10557987,-18.972055,32.21047,2.5341027,4.8161736,4.862905,pre_active,False,True,DR2,33,27,0.8181818181818182,0.4077539601649644,1,0.0303030303030303,0.5277777777777778,5,0.1515151515151515,0.1932873414544526,27,23,0.8518518518518519,0.5918367346938775,4,0.1481481481481481,0.0689655172413793,0,0.0,0.0,1,0,0.0,0.0,1,1.0,1.0,0,0,0.0,0.0,0,0.0,0.0,0,0.0,0.0,1,0,0.0,0.0,1,1.0,1.0,1,0,0.0,0.0,1,1.0,1.0,0,0,0.0,0.0,0,0.0,0.0,0,0.0,0.0,0,0,0.0,0.0,0,0.0,0.0,0,0.0,0.0,0,0.0,0.0,0,0.0,0.0,1,1,1.0,1.0,0,0.0,0.0,0,0.0,0.0,28,1,0.0357142857142857,0.0400149512645701,1,0.0357142857142857,0.0652173913043478,0,0.0,0.0,26,0.9285714285714286,0.8620689655172413,154.6450127667657,False,1,0.0161821313734678,J100039.79+020919.9.png,/Users/apple/Desktop/Galaxy_research/image/J100/J100039.79+020919.9.png,1,0.46269968,0.5373003
1642,1755,J112/J112056.54+000631.1.png,170.23575468697263,0.1092171769288654,0.0964969,-18.322403,23.252953,2.724436,4.5891666,5.0300646,pre_active,False,False,DR2,37,32,0.8648648648648649,0.5177611814274806,3,0.081081081081081,0.5555555555555556,2,0.054054054054054,0.061147351118335,32,25,0.78125,0.3823529411764705,7,0.21875,0.1111111111111111,0,0.0,0.0,3,0,0.0,0.0,3,1.0,1.0,0,0,0.0,0.0,0,0.0,0.0,0,0.0,0.0,3,1,0.3333333333333333,0.5263157894736842,2,0.6666666666666666,0.4814814814814815,3,0,0.0,0.0,3,1.0,1.0,0,0,0.0,0.0,0,0.0,0.0,0,0.0,0.0,0,0,0.0,0.0,0,0.0,0.0,0,0.0,0.0,0,0.0,0.0,0,0.0,0.0,3,2,0.6666666666666666,0.4616929275022457,1,0.3333333333333333,0.5909090909090909,0,0.0,0.0,35,0,0.0,0.0,3,0.0857142857142857,0.1333333333333333,1,0.0285714285714285,0.0666666666666666,31,0.8857142857142857,0.8163265306122449,160.3237315961791,False,1,0.0154134261105774,J112056.54+000631.1.png,/Users/apple/Desktop/Galaxy_research/image/J112/J112056.54+000631.1.png,1,0.45911628,0.5408837
1490,1588,J080/J080322.98+232446.0.png,120.84581449228246,23.412825475002386,0.12707227,-21.370256,205.82881,2.4530978,8.214783,5.7985616,pre_active,False,False,DR1,41,34,0.8292682926829268,0.4127820772145272,5,0.1219512195121951,0.6052631578947368,2,0.048780487804878,0.0513131565211626,34,23,0.6764705882352942,0.5172413793103449,11,0.3235294117647059,0.4333333333333333,0,0.0,0.0,5,1,0.2,0.1612903225806451,4,0.8,0.8333333333333334,1,1,1.0,1.0,0,0.0,0.0,0,0.0,0.0,4,0,0.0,0.0,4,1.0,1.0,4,0,0.0,0.0,4,1.0,1.0,0,0,0.0,0.0,0,0.0,0.0,0,0.0,0.0,0,0,0.0,0.0,0,0.0,0.0,0,0.0,0.0,0,0.0,0.0,0,0.0,0.0,4,0,0.0,0.0,3,0.75,0.8,1,0.25,0.2352941176470588,39,21,0.5384615384615384,0.4885972510101264,1,0.0256410256410256,0.0344827586206896,1,0.0256410256410256,0.032258064516129,16,0.4102564102564102,0.2580645161290322,148.430677223838,False,1,0.0276907145109436,J080322.98+232446.0.png,/Users/apple/Desktop/Galaxy_research/image/J080/J080322.98+232446.0.png,1,0.37941638,0.6205836
551,587,J145/J145450.73+052831.8.png,223.71139884006087,5.475501309678223,0.093559,-20.957317,297.98248,2.2307854,6.865405,4.8975,pre_active,False,False,DR2,34,30,0.8823529411764706,0.5214260356834682,1,0.0294117647058823,0.0714285714285714,3,0.088235294117647,0.1051678534320036,30,26,0.8666666666666667,0.9,4,0.1333333333333333,0.1290322580645161,0,0.0,0.0,1,0,0.0,0.0,1,1.0,1.0,0,0,0.0,0.0,0,0.0,0.0,0,0.0,0.0,1,0,0.0,0.0,1,1.0,1.0,1,0,0.0,0.0,1,1.0,1.0,0,0,0.0,0.0,0,0.0,0.0,0,0.0,0.0,0,0,0.0,0.0,0,0.0,0.0,0,0.0,0.0,0,0.0,0.0,0,0.0,0.0,1,0,0.0,0.0,1,1.0,1.0,0,0.0,0.0,31,3,0.0967741935483871,0.0971432318199612,4,0.1290322580645161,0.1590909090909091,1,0.032258064516129,0.0638297872340425,23,0.7419354838709677,0.71875,146.61647750979694,False,1,0.0231213665603139,J145450.73+052831.8.png,/Users/apple/Desktop/Galaxy_research/image/J145/J145450.73+052831.8.png,1,0.39111364,0.60888636
1732,1853,J082/J082117.44+270105.6.png,125.32270502905742,27.0182338265792,0.08943519,-20.524578,191.33315,1.6174072,4.047775,3.3855855,pre_active,False,False,DR1,51,42,0.8235294117647058,0.3319004961216242,5,0.0980392156862745,0.2,4,0.0784313725490196,0.0921003656135234,42,38,0.9047619047619048,0.9032258064516128,3,0.0714285714285714,0.0625,1,0.0238095238095238,0.0285714285714285,5,0,0.0,0.0,5,1.0,1.0,0,0,0.0,0.0,0,0.0,0.0,0,0.0,0.0,5,0,0.0,0.0,5,1.0,1.0,5,0,0.0,0.0,5,1.0,1.0,0,0,0.0,0.0,0,0.0,0.0,0,0.0,0.0,0,0,0.0,0.0,0,0.0,0.0,0,0.0,0.0,0,0.0,0.0,0,0.0,0.0,5,0,0.0,0.0,2,0.4,0.3,3,0.6,0.6923076923076923,47,1,0.0212765957446808,0.0249364662510671,1,0.0212765957446808,0.037037037037037,1,0.0212765957446808,0.027027027027027,44,0.9361702127659576,0.8857142857142857,158.57940970339246,False,1,0.013580132105526,J082117.44+270105.6.png,/Users/apple/Desktop/Galaxy_research/image/J082/J082117.44+270105.6.png,1,0.37037304,0.629627
2086,2234,J160/J160051.37+065811.0.png,240.214065014368,6.969741487762196,0.09865393,-20.11185,107.014854,1.4474126,3.5875313,3.133896,pre_active,False,False,DR1,49,45,0.9183673469387756,0.5512665987274725,2,0.0408163265306122,0.5833333333333334,2,0.0408163265306122,0.0442238449487566,45,7,0.1555555555555555,0.1515151515151515,38,0.8444444444444444,0.8484848484848485,0,0.0,0.0,2,1,0.5,0.1724137931034483,1,0.5,0.8235294117647058,1,0,0.0,0.0,0,0.0,0.0,1,1.0,1.0,1,0,0.0,0.0,1,1.0,1.0,1,0,0.0,0.0,1,1.0,1.0,0,0,0.0,0.0,0,0.0,0.0,0,0.0,0.0,0,0,0.0,0.0,0,0.0,0.0,0,0.0,0.0,0,0.0,0.0,0,0.0,0.0,1,0,0.0,0.0,0,0.0,0.0,1,1.0,1.0,47,0,0.0,0.0,2,0.0425531914893617,0.125,2,0.0425531914893617,0.1111111111111111,43,0.9148936170212766,0.8387096774193549,153.78758925001668,False,1,0.0120216261810295,J160051.37+065811.0.png,/Users/apple/Desktop/Galaxy_research/image/J160/J160051.37+065811.0.png,1,0.41085622,0.58914375
3193,3405,J075/J075101.30+274832.1.png,117.75546839638574,27.808932960983128,0.075740576,-19.649813,129.24255,1.9244431,5.0788713,4.047775,pre_active,False,True,DR1,38,29,0.7631578947368421,0.2807709571635798,4,0.1052631578947368,0.6842105263157895,5,0.131578947368421,0.1617735347749349,29,4,0.1379310344827586,0.0444444444444444,25,0.8620689655172413,0.8222222222222222,0,0.0,0.0,4,0,0.0,0.0,4,1.0,1.0,0,0,0.0,0.0,0,0.0,0.0,0,0.0,0.0,4,0,0.0,0.0,4,1.0,1.0,4,0,0.0,0.0,4,1.0,1.0,0,0,0.0,0.0,0,0.0,0.0,0,0.0,0.0,0,0,0.0,0.0,0,0.0,0.0,0,0.0,0.0,0,0.0,0.0,0,0.0,0.0,4,1,0.25,0.0608457507784862,2,0.5,0.5833333333333334,1,0.25,0.1538461538461538,33,0,0.0,0.0,0,0.0,0.0,1,0.0303030303030303,0.0666666666666666,32,0.9696969696969696,0.9090909090909092,159.8630557726318,False,1,0.0170716947108945,J075101.30+274832.1.png,/Users/apple/Desktop/Galaxy_research/image/J075/J075101.30+274832.1.png,1,0.37538034,0.62461966
1813,1941,J214/J214735.50+002207.8.png,326.89796045033654,0.3688533034659744,0.07538806,-20.81293,468.7557,5.3855677,16.228247,11.03955,pre_active,False,False,DR1,45,0,0.0,0.0,39,0.8666666666666667,0.9111111111111112,6,0.1333333333333333,0.1685895946895326,0,0,0.0,0.0,0,0.0,0.0,0,0.0,0.0,39,4,0.1025641025641025,0.0769230769230769,35,0.8974358974358975,0.9069767441860463,4,2,0.5,0.5,1,0.25,0.2285714285714285,1,0.25,0.25,35,23,0.6571428571428571,0.525,12,0.3428571428571429,0.475,35,33,0.9428571428571428,0.985880893343315,2,0.0571428571428571,0.0453991249742102,33,7,0.2121212121212121,0.3929833623032092,17,0.5151515151515151,0.4676136087430145,9,0.2727272727272727,0.1771051345977093,33,0,0.0,0.0,30,0.9090909090909092,0.750108825881116,3,0.0909090909090909,0.1479761038528396,0,0.0,0.0,0,0.0,0.0,35,2,0.0571428571428571,0.0195346799868086,31,0.8857142857142857,0.875,2,0.0571428571428571,0.0789473684210526,39,1,0.0256410256410256,0.0292482964785861,9,0.2307692307692308,0.2285714285714285,6,0.1538461538461538,0.1304347826086956,23,0.5897435897435898,0.5714285714285714,153.3865902707348,False,0,0.0548264061450483,J214735.50+002207.8.png,/Users/apple/Desktop/Galaxy_research/image/J214/J214735.50+002207.8.png,1,0.43829212,0.5617079
32,35,J223/J223221.28+000851.3.png,338.088667771956,0.1475737446795565,0.039235506,-17.48697,64.329445,1.6489469,4.1267076,3.5359428,pre_active,False,False,DR1,45,34,0.7555555555555555,0.642237857367728,5,0.1111111111111111,0.2727272727272727,6,0.1333333333333333,0.1514823012025873,34,6,0.1764705882352941,0.1052631578947368,28,0.8235294117647058,0.68,0,0.0,0.0,5,2,0.4,0.16,3,0.6,0.8292682926829268,2,1,0.5,0.3947368421052632,0,0.0,0.0,1,0.5,0.7142857142857143,3,0,0.0,0.0,3,1.0,1.0,3,0,0.0,0.0,3,1.0,1.0,0,0,0.0,0.0,0,0.0,0.0,0,0.0,0.0,0,0,0.0,0.0,0,0.0,0.0,0,0.0,0.0,0,0.0,0.0,0,0.0,0.0,3,0,0.0,0.0,2,0.6666666666666666,0.6666666666666666,1,0.3333333333333333,0.24,39,7,0.1794871794871795,0.176337643932348,1,0.0256410256410256,0.0425531914893617,1,0.0256410256410256,0.0303030303030303,30,0.7692307692307693,0.6774193548387096,153.40678706999424,False,1,0.0138474185990422,J223221.28+000851.3.png,/Users/apple/Desktop/Galaxy_research/image/J223/J223221.28+000851.3.png,1,0.41350123,0.5864988
70,78,J132/J132654.31+173719.0.png,201.7263321108128,17.621970896134755,0.087163605,-20.618916,242.98816,1.625235,4.6113777,3.5702522,pre_active,False,False,DR2,37,30,0.8108108108108109,0.3100227853317305,5,0.1351351351351351,0.3673469387755102,2,0.054054054054054,0.0612903641780003,30,3,0.1,0.0714285714285714,26,0.8666666666666667,0.8148148148148148,1,0.0333333333333333,0.1333333333333333,5,2,0.4,0.1111111111111111,3,0.6,0.90625,2,1,0.5,0.5,0,0.0,0.0,1,0.5,0.4666666666666667,3,1,0.3333333333333333,0.7692307692307693,2,0.6666666666666666,0.2,3,1,0.3333333333333333,0.9809714922459146,2,0.6666666666666666,0.0231659079734046,1,1,1.0,1.0,0,0.0,0.0,0,0.0,0.0,1,0,0.0,0.0,1,1.0,1.0,0,0.0,0.0,0,0.0,0.0,0,0.0,0.0,3,0,0.0,0.0,2,0.6666666666666666,0.7222222222222222,1,0.3333333333333333,0.3636363636363637,35,0,0.0,0.0,2,0.0571428571428571,0.1081081081081081,0,0.0,0.0,33,0.9428571428571428,0.8928571428571429,156.59978058466783,False,1,0.0154886387228078,J132654.31+173719.0.png,/Users/apple/Desktop/Galaxy_research/image/J132/J132654.31+173719.0.png,1,0.35632002,0.64368004
605,641,J234/J234103.92+010126.6.png,355.26634938690063,1.0240811553938682,0.083728075,-21.700153,846.9853,6.000609,15.426864,14.568813,pre_active,False,True,DR1,46,0,0.0,0.0,43,0.9347826086956522,0.9411764705882352,3,0.0652173913043478,0.0776976733323852,0,0,0.0,0.0,0,0.0,0.0,0,0.0,0.0,43,3,0.0697674418604651,0.0606060606060606,40,0.9302325581395348,0.9393939393939394,3,2,0.6666666666666666,0.6842105263157895,0,0.0,0.0,1,0.3333333333333333,0.3157894736842105,40,20,0.5,0.3548387096774194,20,0.5,0.6428571428571429,40,40,1.0,1.0,0,0.0,0.0,40,32,0.8,0.8952323225514173,4,0.1,0.0966314791717641,4,0.1,0.1,40,0,0.0,0.0,4,0.1,0.0404143315268265,17,0.425,0.4314236879273244,11,0.275,0.3931484473887005,8,0.2,0.4130434782608696,40,1,0.025,0.0267949677339903,29,0.725,0.7045454545454546,10,0.25,0.25,43,2,0.0465116279069767,0.0507581437826443,7,0.1627906976744186,0.21875,2,0.0465116279069767,0.074074074074074,32,0.7441860465116279,0.6875,151.42173894806612,False,0,0.0521127130444349,J234103.92+010126.6.png,/Users/apple/Desktop/Galaxy_research/image/J234/J234103.92+010126.6.png,1,0.40071908,0.599281
3136,3344,J094/J094908.05+023522.1.png,147.28355292540925,2.589488443855275,0.1421314,-21.141954,134.71199,1.7473044,5.3301015,3.9321983,pre_active,False,False,DR2,35,30,0.8571428571428571,0.3847112785019813,0,0.0,0.0,5,0.1428571428571428,0.1763856569525364,30,25,0.8333333333333334,0.78125,5,0.1666666666666666,0.1764705882352941,0,0.0,0.0,0,0,0.0,0.0,0,0.0,0.0,0,0,0.0,0.0,0,0.0,0.0,0,0.0,0.0,0,0,0.0,0.0,0,0.0,0.0,0,0,0.0,0.0,0,0.0,0.0,0,0,0.0,0.0,0,0.0,0.0,0,0.0,0.0,0,0,0.0,0.0,0,0.0,0.0,0,0.0,0.0,0,0.0,0.0,0,0.0,0.0,0,0,0.0,0.0,0,0.0,0.0,0,0.0,0.0,30,1,0.0333333333333333,0.0386793363037341,2,0.0666666666666666,0.1333333333333333,1,0.0333333333333333,0.0666666666666666,26,0.8666666666666667,0.7837837837837838,153.7449052003882,False,1,0.0179224260845394,J094908.05+023522.1.png,/Users/apple/Desktop/Galaxy_research/image/J094/J094908.05+023522.1.png,1,0.43687814,0.56312186
831,882,J162/J162026.44+294726.4.png,245.11022465013835,29.79069058638212,0.098582335,-20.755512,202.48036,1.4614569,4.0673656,3.1188016,pre_active,False,False,DR2,35,28,0.8,0.2774029212773571,4,0.1142857142857142,0.3636363636363637,3,0.0857142857142857,0.1009857910166335,28,1,0.0357142857142857,0.0,17,0.6071428571428571,0.631578947368421,10,0.3571428571428571,0.4375,4,1,0.25,0.0555555555555555,3,0.75,0.9393939393939394,1,0,0.0,0.0,0,0.0,0.0,1,1.0,1.0,3,0,0.0,0.0,3,1.0,1.0,3,0,0.0,0.0,3,1.0,1.0,0,0,0.0,0.0,0,0.0,0.0,0,0.0,0.0,0,0,0.0,0.0,0,0.0,0.0,0,0.0,0.0,0,0.0,0.0,0,0.0,0.0,3,0,0.0,0.0,2,0.6666666666666666,0.5952380952380952,1,0.3333333333333333,0.46875,32,0,0.0,0.0,1,0.03125,0.0714285714285714,1,0.03125,0.054054054054054,30,0.9375,0.8787878787878788,155.76080542197914,False,1,0.0136464710172036,J162026.44+294726.4.png,/Users/apple/Desktop/Galaxy_research/image/J162/J162026.44+294726.4.png,1,0.33780286,0.6621972
2819,3011,J153/J153654.90+121031.6.png,234.22880165771505,12.175453971820769,0.09382451,-19.96301,102.77413,2.9717994,6.220624,6.131171,pre_active,False,False,DR2,37,30,0.8108108108108109,0.4403725153855015,3,0.081081081081081,0.5102040816326531,4,0.1081081081081081,0.1327728239679324,30,29,0.9666666666666668,0.9791666666666666,1,0.0333333333333333,0.0208333333333333,0,0.0,0.0,3,0,0.0,0.0,3,1.0,1.0,0,0,0.0,0.0,0,0.0,0.0,0,0.0,0.0,3,0,0.0,0.0,3,1.0,1.0,3,0,0.0,0.0,3,1.0,1.0,0,0,0.0,0.0,0,0.0,0.0,0,0.0,0.0,0,0,0.0,0.0,0,0.0,0.0,0,0.0,0.0,0,0.0,0.0,0,0.0,0.0,3,1,0.3333333333333333,0.1270569139325331,2,0.6666666666666666,0.8148148148148148,0,0.0,0.0,33,1,0.0303030303030303,0.0343522440991822,2,0.0606060606060606,0.0952380952380952,1,0.0303030303030303,0.05,29,0.8787878787878788,0.8333333333333334,157.64834715549694,False,1,0.0209379689201012,J153654.90+121031.6.png,/Users/apple/Desktop/Galaxy_research/image/J153/J153654.90+121031.6.png,1,0.41515166,0.58484834
3416,3642,J222/J222406.49-005951.6.png,336.0270635140499,-0.9977108842606148,0.1484729,-19.945501,38.366554,1.6331009,4.227541,3.369279,pre_active,False,False,DR1,50,40,0.8,0.2819705247729051,6,0.12,0.8484848484848485,4,0.08,0.0878216857489897,40,35,0.875,0.65625,4,0.1,0.2222222222222222,1,0.025,0.391304347826087,6,2,0.3333333333333333,0.12,4,0.6666666666666666,0.8604651162790697,2,1,0.5,0.5,1,0.5,0.4444444444444444,0,0.0,0.0,4,0,0.0,0.0,4,1.0,1.0,4,0,0.0,0.0,4,1.0,1.0,0,0,0.0,0.0,0,0.0,0.0,0,0.0,0.0,0,0,0.0,0.0,0,0.0,0.0,0,0.0,0.0,0,0.0,0.0,0,0.0,0.0,4,0,0.0,0.0,4,1.0,1.0,0,0.0,0.0,46,3,0.0652173913043478,0.0687884716083998,4,0.0869565217391304,0.1515151515151515,0,0.0,0.0,39,0.8478260869565217,0.8108108108108109,160.13982824078215,False,1,0.0141888669475739,J222406.49-005951.6.png,/Users/apple/Desktop/Galaxy_research/image/J222/J222406.49-005951.6.png,1,0.47171053,0.5282895
3189,3401,J132/J132835.91+001919.5.png,202.1496474339189,0.3221283976076116,0.0819137,-20.791807,402.4045,2.9663947,8.12853,6.6164,pre_active,False,True,DR2,31,2,0.064516129032258,0.0018259616215591,28,0.9032258064516128,0.9607843137254902,1,0.032258064516129,0.0352498694867039,2,2,1.0,1.0,0,0.0,0.0,0,0.0,0.0,28,2,0.0714285714285714,0.0588235294117647,26,0.9285714285714286,0.9473684210526316,2,0,0.0,0.0,0,0.0,0.0,2,1.0,1.0,26,15,0.5769230769230769,0.696969696969697,11,0.4230769230769231,0.3571428571428571,26,24,0.9230769230769232,0.9981207412759472,2,0.0769230769230769,0.0072075894765879,24,4,0.1666666666666666,0.4124635149755887,10,0.4166666666666667,0.3722299513344945,10,0.4166666666666667,0.1705324703838041,24,0,0.0,0.0,24,1.0,1.0,0,0.0,0.0,0,0.0,0.0,0,0.0,0.0,26,1,0.0384615384615384,0.0257685559505894,18,0.6923076923076923,0.7674418604651163,7,0.2692307692307692,0.3428571428571429,30,2,0.0666666666666666,0.0690712042012108,7,0.2333333333333333,0.4642857142857143,0,0.0,0.0,21,0.7,0.6521739130434783,150.4388457269707,False,0,0.0273986392223398,J132835.91+001919.5.png,/Users/apple/Desktop/Galaxy_research/image/J132/J132835.91+001919.5.png,1,0.3684557,0.63154435
463,495,J223/J223717.64+000002.8.png,339.3235286662816,0.0007902387711641,0.079194345,-20.00898,145.8873,3.7814956,7.470318,7.391881,pre_active,False,False,DR1,48,8,0.1666666666666666,0.0207050466299004,36,0.75,0.9393939393939394,4,0.0833333333333333,0.1001269706311254,8,3,0.375,0.4047619047619048,5,0.625,0.5416666666666666,0,0.0,0.0,36,2,0.0555555555555555,0.08,34,0.9444444444444444,0.9285714285714286,2,0,0.0,0.0,0,0.0,0.0,2,1.0,1.0,34,16,0.4705882352941176,0.4516129032258064,18,0.5294117647058824,0.71875,34,33,0.9705882352941176,0.9994542395833864,1,0.0294117647058823,0.0026899160408544,33,10,0.303030303030303,0.6183767951440072,14,0.4242424242424242,0.3813350990423562,9,0.2727272727272727,0.0914379838179281,33,0,0.0,0.0,27,0.8181818181818182,0.5172825190711351,3,0.0909090909090909,0.2118871480799398,2,0.0606060606060606,0.2279399916589854,1,0.0303030303030303,0.217391304347826,34,6,0.1764705882352941,0.0693719721517082,28,0.8235294117647058,0.8387096774193549,0,0.0,0.0,44,1,0.0227272727272727,0.0262451040983728,6,0.1363636363636363,0.2058823529411765,5,0.1136363636363636,0.1777777777777777,32,0.7272727272727273,0.696969696969697,151.10571651212334,False,0,0.0251697606921726,J223717.64+000002.8.png,/Users/apple/Desktop/Galaxy_research/image/J223/J223717.64+000002.8.png,1,0.43383697,0.56616294
3232,3448,J113/J113501.11+231742.2.png,173.7547009300454,23.29508443915601,0.024010293,-16.734652,92.82648,2.5341027,6.3726206,5.3301015,pre_active,False,False,DR2,40,34,0.85,0.82543834108265,3,0.075,0.0851063829787234,3,0.075,0.0776660868840051,34,0,0.0,0.0,31,0.9117647058823528,0.9268292682926828,3,0.088235294117647,0.1,3,0,0.0,0.0,3,1.0,1.0,0,0,0.0,0.0,0,0.0,0.0,0,0.0,0.0,3,0,0.0,0.0,3,1.0,1.0,3,0,0.0,0.0,3,1.0,1.0,0,0,0.0,0.0,0,0.0,0.0,0,0.0,0.0,0,0,0.0,0.0,0,0.0,0.0,0,0.0,0.0,0,0.0,0.0,0,0.0,0.0,3,3,1.0,1.0,0,0.0,0.0,0,0.0,0.0,37,0,0.0,0.0,2,0.054054054054054,0.0638297872340425,1,0.027027027027027,0.032258064516129,34,0.9189189189189192,0.8918918918918919,156.7170745533493,False,1,0.0214526692877615,J113501.11+231742.2.png,/Users/apple/Desktop/Galaxy_research/image/J113/J113501.11+231742.2.png,1,0.4178284,0.58217156
752,798,J083/J083105.74+253602.3.png,127.773942882012,25.600652782548668,0.07308077,-20.550867,310.33603,4.007525,8.12853,7.95873,pre_active,False,False,DR1,48,7,0.1458333333333333,0.0213178777088132,38,0.7916666666666666,0.925,3,0.0625,0.0732278084416495,7,1,0.1428571428571428,0.3,5,0.7142857142857143,0.625,1,0.1428571428571428,0.1428571428571428,38,5,0.131578947368421,0.0943396226415094,33,0.8684210526315791,0.9056603773584906,5,4,0.8,0.7894736842105263,1,0.2,0.217391304347826,0,0.0,0.0,33,6,0.1818181818181818,0.2083333333333333,27,0.8181818181818182,0.8076923076923077,33,32,0.9696969696969696,0.998643752358332,1,0.0303030303030303,0.0059597197261544,32,11,0.34375,0.6150793225941431,12,0.375,0.3394040273686085,9,0.28125,0.1222483277757488,32,0,0.0,0.0,8,0.25,0.0663454883642544,20,0.625,0.6667510123783473,3,0.09375,0.2403670592651553,1,0.03125,0.1489361702127659,33,3,0.0909090909090909,0.0286274894285092,30,0.9090909090909092,0.8958333333333334,0,0.0,0.0,45,5,0.1111111111111111,0.1103460998242388,6,0.1333333333333333,0.1538461538461538,3,0.0666666666666666,0.0714285714285714,31,0.6888888888888889,0.7575757575757576,158.1463939756256,False,0,0.0273986392223398,J083105.74+253602.3.png,/Users/apple/Desktop/Galaxy_research/image/J083/J083105.74+253602.3.png,1,0.37619948,0.6238006
211,227,J164/J164252.81+241244.4.png,250.7200628204549,24.212347848886992,0.13669533,-20.783611,98.353165,1.8249041,5.304429,4.028279,pre_active,False,False,DR2,35,31,0.8857142857142857,0.4614188125237518,0,0.0,0.0,4,0.1142857142857142,0.1364326733187673,31,26,0.8387096774193549,0.8709677419354839,4,0.1290322580645161,0.12,1,0.032258064516129,0.04,0,0,0.0,0.0,0,0.0,0.0,0,0,0.0,0.0,0,0.0,0.0,0,0.0,0.0,0,0,0.0,0.0,0,0.0,0.0,0,0,0.0,0.0,0,0.0,0.0,0,0,0.0,0.0,0,0.0,0.0,0,0.0,0.0,0,0,0.0,0.0,0,0.0,0.0,0,0.0,0.0,0,0.0,0.0,0,0.0,0.0,0,0,0.0,0.0,0,0.0,0.0,0,0.0,0.0,31,1,0.032258064516129,0.0373925806721547,1,0.032258064516129,0.0714285714285714,2,0.064516129032258,0.1034482758620689,27,0.8709677419354839,0.8235294117647058,155.76956765434355,False,1,0.0178354922637253,J164252.81+241244.4.png,/Users/apple/Desktop/Galaxy_research/image/J164/J164252.81+241244.4.png,1,0.39692602,0.6030741
2457,2631,J151/J151517.12+142343.7.png,228.82137449382284,14.395498553230082,0.06322486,-20.815119,659.7757,3.244845,11.637828,7.875165,pre_active,False,True,DR2,35,30,0.8571428571428571,0.5816515465087256,2,0.0571428571428571,0.0909090909090909,3,0.0857142857142857,0.1016550525990981,30,24,0.8,0.7692307692307693,6,0.2,0.2307692307692308,0,0.0,0.0,2,1,0.5,0.3076923076923077,1,0.5,0.6923076923076923,1,0,0.0,0.0,0,0.0,0.0,1,1.0,1.0,1,0,0.0,0.0,1,1.0,1.0,1,0,0.0,0.0,1,1.0,1.0,0,0,0.0,0.0,0,0.0,0.0,0,0.0,0.0,0,0,0.0,0.0,0,0.0,0.0,0,0.0,0.0,0,0.0,0.0,0,0.0,0.0,1,0,0.0,0.0,1,1.0,1.0,0,0.0,0.0,32,3,0.09375,0.0941946827676603,5,0.15625,0.1764705882352941,2,0.0625,0.0638297872340425,22,0.6875,0.7209302325581395,142.92796030318587,False,1,0.0392820430013023,J151517.12+142343.7.png,/Users/apple/Desktop/Galaxy_research/image/J151/J151517.12+142343.7.png,1,0.36111078,0.63888913
1684,1802,J120/J120918.15+211206.4.png,182.3256360981383,21.20180475080803,0.043561783,-19.956928,634.06055,2.868042,8.754437,6.5384607,pre_active,False,False,DR2,33,25,0.7575757575757576,0.4067325551369116,4,0.1212121212121212,0.5405405405405406,4,0.1212121212121212,0.1398097914243513,25,25,1.0,1.0,0,0.0,0.0,0,0.0,0.0,4,0,0.0,0.0,4,1.0,1.0,0,0,0.0,0.0,0,0.0,0.0,0,0.0,0.0,4,0,0.0,0.0,4,1.0,1.0,4,0,0.0,0.0,4,1.0,1.0,0,0,0.0,0.0,0,0.0,0.0,0,0.0,0.0,0,0,0.0,0.0,0,0.0,0.0,0,0.0,0.0,0,0.0,0.0,0,0.0,0.0,4,0,0.0,0.0,4,1.0,1.0,0,0.0,0.0,29,1,0.0344827586206896,0.0363697523575107,0,0.0,0.0,0,0.0,0.0,28,0.9655172413793104,0.945945945945946,151.03483762852284,False,1,0.0295181245464927,J120918.15+211206.4.png,/Users/apple/Desktop/Galaxy_research/image/J120/J120918.15+211206.4.png,1,0.3409554,0.65904456
2486,2662,J163/J163222.52+213340.3.png,248.09386803048687,21.56120392673983,0.13982207,-22.133484,426.4771,3.2966292,12.66324,8.569049,pre_active,False,True,DR2,38,29,0.7631578947368421,0.3861037957824979,4,0.1052631578947368,0.1794871794871795,5,0.131578947368421,0.1638860621753956,29,23,0.7931034482758621,0.5454545454545454,5,0.1724137931034483,0.3103448275862069,1,0.0344827586206896,0.0476190476190476,4,0,0.0,0.0,4,1.0,1.0,0,0,0.0,0.0,0,0.0,0.0,0,0.0,0.0,4,1,0.25,0.3548387096774194,3,0.75,0.4615384615384616,4,0,0.0,0.0,4,1.0,1.0,0,0,0.0,0.0,0,0.0,0.0,0,0.0,0.0,0,0,0.0,0.0,0,0.0,0.0,0,0.0,0.0,0,0.0,0.0,0,0.0,0.0,4,0,0.0,0.0,2,0.5,0.5897435897435898,2,0.5,0.3809523809523809,33,6,0.1818181818181818,0.1795292848904197,3,0.0909090909090909,0.1470588235294117,0,0.0,0.0,24,0.7272727272727273,0.7272727272727273,143.993334443803,False,1,0.0427543570754543,J163222.52+213340.3.png,/Users/apple/Desktop/Galaxy_research/image/J163/J163222.52+213340.3.png,1,0.37770364,0.6222964
573,609,J084/J084553.93-002009.6.png,131.47472004943424,-0.3360413129623398,0.09176933,-19.765644,90.624916,1.7642585,4.3728604,3.5702522,pre_active,False,False,DR2,35,31,0.8857142857142857,0.4842021852683917,2,0.0571428571428571,0.6981132075471698,2,0.0571428571428571,0.0649523527523445,31,13,0.4193548387096774,0.2285714285714285,18,0.5806451612903226,0.7714285714285715,0,0.0,0.0,2,0,0.0,0.0,2,1.0,1.0,0,0,0.0,0.0,0,0.0,0.0,0,0.0,0.0,2,0,0.0,0.0,2,1.0,1.0,2,0,0.0,0.0,2,1.0,1.0,0,0,0.0,0.0,0,0.0,0.0,0,0.0,0.0,0,0,0.0,0.0,0,0.0,0.0,0,0.0,0.0,0,0.0,0.0,0,0.0,0.0,2,0,0.0,0.0,2,1.0,1.0,0,0.0,0.0,33,3,0.0909090909090909,0.0917309722902081,4,0.1212121212121212,0.2162162162162162,0,0.0,0.0,26,0.7878787878787878,0.6818181818181818,154.42726468331205,False,1,0.0146809565641059,J084553.93-002009.6.png,/Users/apple/Desktop/Galaxy_research/image/J084/J084553.93-002009.6.png,1,0.42613378,0.5738661
2846,3040,J152/J152108.65+114146.7.png,230.28606492379475,11.696306274274123,0.13870728,-19.895903,40.748882,1.4827791,3.241622,3.0591478,pre_active,False,False,DR2,39,36,0.9230769230769232,0.5486728279764408,2,0.0512820512820512,0.6734693877551021,1,0.0256410256410256,0.0233595833364703,36,1,0.0277777777777777,0.0,27,0.75,0.6153846153846154,8,0.2222222222222222,1.0,2,2,1.0,1.0,0,0.0,0.0,2,0,0.0,0.0,0,0.0,0.0,2,1.0,1.0,0,0,0.0,0.0,0,0.0,0.0,0,0,0.0,0.0,0,0.0,0.0,0,0,0.0,0.0,0,0.0,0.0,0,0.0,0.0,0,0,0.0,0.0,0,0.0,0.0,0,0.0,0.0,0,0.0,0.0,0,0.0,0.0,0,0,0.0,0.0,0,0.0,0.0,0,0.0,0.0,38,5,0.131578947368421,0.128198275981481,0,0.0,0.0,0,0.0,0.0,33,0.8684210526315791,0.8235294117647058,159.68724535804068,False,1,0.0108502865333854,J152108.65+114146.7.png,/Users/apple/Desktop/Galaxy_research/image/J152/J152108.65+114146.7.png,1,0.39789143,0.6021085
